satisfaction_bucket,text
5,"We pilot out of the William rowan hamilton, Lake ontario, depot and it was gravid!"
5,I join Meridian (of late merged with Anheuser Busch Credit Union) and have been real happy.
5,I genuinely like these they do the job but without all the unneeded promotional material and chemicals added to schematic brand tampons. .. and they are biodegradable!
5,"I ' m in heaven rearward on my preferred site now, woohoo!!"
5,"I have been taking a stratum called "" Core Optical fusion "" for almost a year now, and it has been the most effective affair I ' ve done in terms of toning my body up (all over, not exactly tooshie )."
5,forebode me dotty but we have a go at it the suggestion we will be certain to pass on
5,"The flight crowd went out of the style to make you easy, you could tell that they enjoyed their job!"
5,thigh slapper you sure did what a mess and it looks dead fabulous
5,Yesterday I was in the saving class of Turkish Airlines on my manner backward home but still had one of the best meals I ' ve ever had on board (aand it was free! )
5,massive thank you to and for get this resolve for me in a seasonable manner they plow my grumpiness well
5,Thank you so lots for help me out today you have been extremely helpful.
5,"I booked a flight with Aeromexico from London to United mexican states Metropolis yesterday evening, at a pretty awesome price (compared to bachelor of arts / Aura Jacques anatole francois thibault / KLM )."
5,One concierge even bosom me when we left and articulate she was plump to drop me!
5,when i booked my trajectory it enunciate it was flying with Iberian peninsula but i trust its a buget you help is very much appreciated thanks
5,"As a current platinum pupil, I have an * nonplus * net of rise stars at a number of bay area companies, right now."
5,my mommy always ask me if i require mcdonalds and i consider that is rlly beautiful
5,"Voila - - no chequered baggage, no carry - on luggage, no problems (and endure insolent - flops on your feet )."
5,I know Jetstar gets a wad of bag but I thought I ' d relate an instance of good customer service I just welcome from them.
5,"Easyjet put us up in a five star hotel on a full board cornerstone free of charge for a hebdomad whille we waited for a flight home, we were well looked after and am pleased that we used them, , this was my first time travel with easyjet, but it wont be the net, , thank you."
5,shoutout to the good gate agent always at real communicative and informative
5,"I ' ve been very happy with the sturdy construction of the Timbuk2 backpacks and courier bags which I already own, and this face, which concur the Fire perfectly, is no exclusion."
5,I choose USAir because the itinerary and time were great and the First Class menu was a buy!
5,"They are really cute; I am a sizing ix and they are a teeny spot large, but I did not return them because they are so comfortable and cool in the summer."
5,This was an exceptional mint at the time as the intermediate flight were £ 550.
5,"The Icelandair staff we run into were all fantabulous, specially one cuss."
5,"I order this item for my girl, she absolutely love it!"
5,I would have no issue be maroon someplace with this tongue.
5,"Enjoy these sandals, they devote the backup and cushion I call for."
5,This is perfectly utter for prove the wet condition of the soil.
5,I like my form iron and Lupus erythematosus Creuset ovens a unit caboodle better for every conceivable aim.
5,"We roll in the hay Gamewright games, and this is rapidly turn another family ducky."
5,This is an awing package that everyone that have an Ipod should have.
5,"Brand you an awful ninja, since I bought this I ' ve been hiding on my ceiling waiting for the perfect chance to de - claw my caterpillar."
5,"She is glad, I am glad as adust goods are a flee!"
5,"We vanish out of the Amy lyon, Lake ontario, terminus and it was peachy!"
5,I unite Meridian (recently merged with Anheuser Busch Acknowledgment Sexual union) and have been very felicitous.
5,I really like these they do the job but without all the unneeded promotional material and chemicals added to established sword tampons. .. and they are biodegradable!
5,"I ' m in heaven rearwards on my favourite site now, woohoo!!"
5,"I have been taking a division call in "" Core Fusion "" for almost a year now, and it has been the most efficient thing I ' ve done in term of toning my body up (all over, not precisely butt )."
5,call off me crazy but we screw the suggestion we will be indisputable to drop dead on
5,"The escape gang hold out out of the way to get you prosperous, you could tell that they enjoyed their jobs!"
5,wow you sure do what a great deal and it looks absolutely fabulous
5,Yesterday I was in the economy class of Turkish Airlines on my way back home but still had one of the in force meal I ' ve always had on board (aand it was free! )
5,monolithic thank you to and for getting this resolve for me in a well timed style they treat my grumpiness well
5,Thank you so lots for help me out today you have been highly helpful.
5,"I reserve a flight with Aeromexico from London to Mexico City yesterday evening, at a pretty awing price (equate to ab / Air France / KLM )."
5,One concierge still hugged me when we left and say she was go away to miss me!
5,when i booked my flight it aver it was flying with Iberian peninsula but i believe its a buget you help is a lot appreciated thanks
5,"As a current PT student, I have an * stick * network of rising hotshot at a number of bay region companies, properly now."
5,my mummy e'er asks me if i need mcdonalds and i think that is rlly beautiful
5,"Voila - - no checked baggage, no carry - on luggage, no job (and wear out impudent - flops on your feet )."
5,I have a go at it Jetstar gets a lot of bulge but I thought I ' d relate an instance of good client service I just get from them.
5,"Easyjet put us up in a five star hotel on a full plank basis free of thrill for a week whille we look for a flight home, we were substantially looked after and am pleased that we used them, , this was my first time traveling with easyjet, but it wont be the last, , thank you."
5,shoutout to the best gate broker of all time at very communicatory and informatory
5,"I ' ve been very happy with the stout construction of the Timbuk2 backpacks and messenger bags which I already own, and this case, which holds the Fire perfectly, is no elision."
5,I choose USAir because the route and time were great and the First Class transportation was a steal!
5,"They are truly cute; I am a size of it 9 and they are a weeny bit expectant, but I did not return them because they are so comfortable and cool in the summer."
5,This was an especial slew at the time as the mean flight were £ 550.
5,"The Icelandair stave we encountered were all first class, specially one fellow."
5,"I ordain this detail for my girl, she absolutely loves it!"
5,I would have no issue be ground someplace with this tongue.
5,"Have it away these sandal, they give the sustenance and shock absorber I need."
5,This is absolutely pure for test the wet condition of the stain.
5,I like my roll fe and Le Creuset ovens a unit lot well for every conceivable aim.
5,"We bonk Gamewright games, and this is quickly suit another kinsperson dearie."
5,This is an awing package that everyone that own an Ipod should have.
5,"Shuffling you an amazing ninja, since I buy this I ' ve been hiding on my ceiling waiting for the gross opportunity to de - claw my cat."
5,"She is glad, I am felicitous as scorched trade good are a flying!"
5,"We fly out of the Alice hamilton, Lake ontario, pole and it was peachy!"
5,I join Meridian (recently flux with Anheuser Busch Credit entry Union) and have been very happy.
5,I really like these they do the business but without all the unnecessary packaging and chemical substance total to conventional brand tampon. .. and they are biodegradable!
5,"I ' m in heaven rearwards on my favourite site now, woohoo!!"
5,"I have been taking a stratum call "" Core Fusion "" for almost a year now, and it has been the near in force thing I ' ve done in terms of toning my body up (all over, not just butt )."
5,call off me disturbed but we be intimate the hint we will be sure to draw along
5,"The flight gang proceed out of the way to make you well fixed, you could assure that they enjoy their jobs!"
5,scream you sure do what a deal and it see utterly fab
5,Yesterday I was in the thriftiness stratum of Turkish Airlines on my way backwards home but still give birth one of the best meals I ' ve ever had on gameboard (aand it was free! )
5,monumental thank you to and for getting this resolve for me in a seasonable way they handled my grumpiness substantially
5,Thank you so practically for help oneself me out today you have been passing helpful.
5,"I booked a flight with Aeromexico from Capital of the united kingdom to Mexico City yesterday eve, at a fairly awesome price (compare to BA / Air French republic / KLM )."
5,One concierge even squeeze me when we leave and say she was run low to miss me!
5,when i book my flights it says it was wing with Iberia but i consider its a buget you help is much apprehended thanks
5,"As a current PT student, I have an * amazing * network of rise sensation at a number of bay expanse companies, correctly now."
5,my mummy ever asks me if i require mcdonalds and i think that is rlly beautiful
5,"Voila - - no checked baggage, no carry - on baggage, no problem (and wear snotty nosed - flop on your substructure )."
5,I acknowledge Jetstar gets a lot of bag but I thought I ' d relate an instance of good client service I hardly pick up from them.
5,"Easyjet put us up in a five superstar hotel on a full board basis free of charge for a week whille we waited for a flight home, we were substantially count after and am pleased that we used them, , this was my first time travel with easyjet, but it wont be the last, , thank you."
5,shoutout to the best logic gate agentive role ever so at very communicatory and informative
5,"I ' ve been very happy with the sturdy grammatical construction of the Timbuk2 backpacks and messenger bags which I already own, and this case, which holds the Fervour absolutely, is no exclusion."
5,I chose USAir because the itinerary and times were large and the First Year transportation was a bargain!
5,"They are really cute; I am a size ix and they are a wee bit large, but I come not render them because they are so comfortable and cool in the summertime."
5,This was an exceeding deal at the time as the middling flight were £ 550.
5,"The Icelandair stave we meet were all excellent, particularly one fellow."
5,"I ordered this point for my girl, she utterly fuck it!"
5,I would have no take being strand someplace with this tongue.
5,"Screw these sandal, they ease up the support and cushion I require."
5,This is perfectly perfect for test the wet condition of the territory.
5,I like my plaster cast iron and Le Creuset ovens a unit lot intimately for every imaginable purpose.
5,"We do it Gamewright game, and this is quickly become another family favourite."
5,This is an awing packet that everyone that owns an Ipod should have.
5,"Makes you an awesome ninja, since I bought this I ' ve been hiding on my ceiling wait for the perfect chance to de - claw my true cat."
5,"She is well chosen, I am happy as scorched goodness are a vanish!"
5,"We vanish out of the Lady emma hamilton, Lake ontario, depot and it was gravid!"
5,I joined Acme (recently merged with Anheuser Busch Credit Conjugation) and have been really well chosen.
5,I very like these they do the line of work but without all the unneeded packaging and chemical substance added to conventional brand tampon. .. and they are biodegradable!
5,"I ' m in heaven backward on my favored site now, woohoo!!"
5,"I have been taking a class called "" Core Fusion "" for almost a year now, and it has been the nearly in force thing I ' ve practise in terms of toning my body up (all o'er, not precisely butt )."
5,bid me sick but we love the proposition we will be sure to choke on
5,"The flight crowd kick the bucket out of the way to stimulate you prosperous, you could tell that they savor their jobs!"
5,riot you sure answer what a lot and it looks perfectly fab
5,Yesterday I was in the economy form of Turkish Airlines on my way rearward home but still had one of the best meal I ' ve ever so had on board (aand it was free! )
5,monolithic thank you to and for get this resolved for me in a seasonable manner they treat my crotchetiness well
5,Thank you so a great deal for serve me out today you have been highly helpful.
5,"I book a flying with Aeromexico from London to United mexican states City yesterday evening, at a pretty amazing price (compare to BA / Air France / KLM )."
5,One concierge even hugged me when we give and say she was run to lose me!
5,when i booked my flights it suppose it was pilot with Iberian peninsula but i believe its a buget you help is often appreciated thanks
5,"As a current PT scholarly person, I have an * pose * network of rising stars at a number of bay country companies, mighty now."
5,my mom ever necessitate me if i want mcdonalds and i imagine that is rlly beautiful
5,"Voila - - no checked baggage, no carry - on luggage, no problems (and wear snotty nosed - flop on your groundwork )."
5,I know Jetstar catch a lot of bagging but I think I ' d link up an illustration of good customer service I just received from them.
5,"Easyjet put us up in a five wizard hotel on a full board base free of charge for a week whille we waited for a flight home, we were well looked after and am pleased that we practice them, , this was my first time traveling with easyjet, but it wont be the final, , thank you."
5,shoutout to the good gate agent ever at very communicatory and illuminating
5,"I ' ve been very happy with the sturdy structure of the Timbuk2 backpacks and courier grip which I already own, and this case, which hold the Flak perfectly, is no exception."
5,I choose USAir because the itinerary and metre were great and the First Course transportation was a steal!
5,"They are really cute; I am a sizing nina from carolina and they are a itsy bitsy bit large, but I did not return them because they are so comfy and cool in the summer."
5,This was an olympian deal at the time as the medium flight were £ 550.
5,"The Icelandair stave we see were all excellent, specially one swain."
5,"I prescribe this token for my daughter, she absolutely make love it!"
5,I would have no outlet being strand someplace with this tongue.
5,"Love these sandal, they generate the living and shock I need."
5,This is utterly perfect for test the wet condition of the grease.
5,I like my cast iron and Lupus erythematosus Creuset ovens a unit lot better for every imaginable determination.
5,"We fuck Gamewright game, and this is rapidly become another family front runner."
5,This is an awe inspiring computer software that everyone that have an Ipod should have.
5,"Make you an awesome ninja, since I buy this I ' ve been hiding on my ceiling waiting for the sodding chance to de - claw my khat."
5,"She is glad, I am glad as parched goodness are a flee!"
5,"We wing out of the Alexander hamilton, Lake ontario, depot and it was bang up!"
5,I conjoin Meridian (late conflate with Anheuser Busch Credit Unification) and have been very happy.
5,I genuinely like these they do the job but without all the unnecessary packaging and chemical substance added to conventional steel tampons. .. and they are biodegradable!
5,"I ' m in heaven backward on my preferent site now, woohoo!!"
5,"I have been taking a family called "" Core Fusion "" for about a year now, and it has been the most effective thing I ' ve done in terms of toning my body up (all over, not scarcely target )."
5,call me gaga but we have it off the suggestion we will be certain to extend on
5,"The flying gang give up the ghost out of the way to piddle you comfortable, you could tell that they enjoyed their jobs!"
5,wow you sure did what a bargain and it looks utterly fabulous
5,Yesterday I was in the economy class of Turkish Airlines on my path back home but still had one of the best meal I ' ve ever had on board (aand it was free! )
5,monumental thank you to and for let this adjudicate for me in a timely manner they handle my grumpiness well
5,Thank you so very much for facilitate me out today you have been passing helpful.
5,"I booked a flight with Aeromexico from London to Mexico City yesterday even, at a somewhat awesome leontyne price (compare to BA / Air France / KLM )."
5,One concierge even hugged me when we result and said she was decease to leave out me!
5,when i book my flights it says it was fly with Iberia but i consider its a buget you help is much appreciated thanks
5,"As a current atomic number 78 educatee, I have an * amazing * network of rising headliner at a number of bay arena fellowship, right now."
5,my ma perpetually demand me if i require mcdonalds and i think that is rlly beautiful
5,"Voila - - no checkered luggage, no carry - on baggage, no problems (and have on insolent - flops on your feet )."
5,I know Jetstar gets a lot of bag but I think I ' d have to doe with an instance of in force customer service I just received from them.
5,"Easyjet put us up in a five star hotel on a full board basis free of cathexis for a hebdomad whille we hold off for a flight home, we were well looked after and am pleased that we used them, , this was my first time traveling with easyjet, but it wont be the last, , thank you."
5,shoutout to the best logic gate broker ever so at very communicative and informative
5,"I ' ve been very happy with the sturdy construction of the Timbuk2 backpack and courier bags which I already possess, and this case, which holds the Fire perfectly, is no exception."
5,I take USAir because the itinerary and time were great and the First Course of instruction fare was a bargain!
5,"They are truly cute; I am a sizing niner and they are a wee mo large, but I did not recall them because they are so comfortable and cool in the summer."
5,This was an special wad at the time as the median flying were £ 550.
5,"The Icelandair staff we see were all splendid, especially one blighter."
5,"I place this particular for my girl, she dead loves it!"
5,I would have no effect being run aground someplace with this tongue.
5,"Love these sandal, they apply the backup and shock absorber I need."
5,This is absolutely staring for test the wet stipulation of the soil.
5,I like my plaster bandage branding iron and Lupus erythematosus Creuset ovens a unit spate better for every conceivable purpose.
5,"We get it on Gamewright game, and this is rapidly becoming another kin favorite."
5,This is an amazing parcel that everyone that have an Ipod should have.
5,"Makes you an awesome ninja, since I bought this I ' ve been hide on my roof hold off for the perfect opportunity to de - claw my big cat."
5,"She is felicitous, I am well chosen as baked good are a fly!"
5,"We wing out of the William rowan hamilton, Lake ontario, end and it was heavy!"
5,I joined Meridian (lately merged with Anheuser Busch Credit rating Join) and have been real happy.
5,I truly like these they do the job but without all the unnecessary promotion and chemical add to conventional brand tampons. .. and they are biodegradable!
5,"I ' m in heaven backward on my preferred site now, woohoo!!"
5,"I have been taking a class called "" Core Fusion "" for almost a year now, and it has been the most in effect thing I ' ve do in terms of toning my body up (all o'er, not just ass )."
5,squall me dotty but we sleep together the suggestion we will be trusted to pass on
5,"The flight crew went out of the agency to make you well off, you could say that they enjoyed their job!"
5,wow you sure do what a hatful and it looks absolutely fabulous
5,Yesterday I was in the economy class of Turkish Airline on my direction back home but all the same had one of the best meal I ' ve ever had on board (aand it was free! )
5,monumental thank you to and for getting this resolved for me in a well timed way they cover my grumpiness well
5,Thank you so much for help me out today you have been passing helpful.
5,"I booked a flight with Aeromexico from London to United mexican states City yesterday evening, at a pretty amazing leontyne price (compared to ab / Air Anatole france / KLM )."
5,One concierge yet bosom me when we leave and said she was going to overleap me!
5,when i booked my flight of stairs it says it was fly with Iberia but i conceive its a buget you help is a great deal comprehended thanks
5,"As a current PT scholar, I have an * flummox * network of go up stars at a phone number of bay area companies, right now."
5,my mom incessantly ask me if i require mcdonalds and i imagine that is rlly beautiful
5,"Voila - - no checkered baggage, no carry - on luggage, no problems (and hold out insolent - flops on your feet )."
5,I have it off Jetstar gets a mint of bagging but I thought I ' d relate an instance of good customer service I exactly welcome from them.
5,"Easyjet put us up in a five adept hotel on a full instrument panel basis free of charge for a hebdomad whille we waited for a flight home, we were well looked after and am pleased that we use them, , this was my first time traveling with easyjet, but it wont be the last, , thank you."
5,shoutout to the secure logic gate agent ever at very communicative and instructive
5,"I ' ve been really felicitous with the sturdy construction of the Timbuk2 backpacks and messenger old bag which I already own, and this eccentric, which withstand the Fire perfectly, is no exception."
5,I select USAir because the travel guidebook and time were peachy and the First Class transportation was a steal!
5,"They are really cute; I am a sizing 9 and they are a weensy bit large, but I did not take back them because they are so comfortable and sang froid in the summertime."
5,This was an surpassing mass at the time as the average flight of steps were £ 550.
5,"The Icelandair stave we encounter were all excellent, especially one colleague."
5,"I order this item for my girl, she absolutely love it!"
5,I would have no government issue be strand somewhere with this tongue.
5,"Love these sandal, they chip in the support and shock I require."
5,This is absolutely utter for test the wet term of the soil.
5,I like my cast iron and Lupus erythematosus Creuset ovens a unit lot better for every imaginable use.
5,"We roll in the hay Gamewright games, and this is quickly suit another kinfolk pet."
5,This is an awe inspiring package that everyone that have an Ipod should have.
5,"Makes you an awesome ninja, since I bought this I ' ve been hiding on my ceiling waiting for the consummate opportunity to de - nipper my computerized axial tomography."
5,"She is well chosen, I am felicitous as baked good are a fly!"
5,"We take flight out of the Amy lyon, Lake ontario, depot and it was bully!"
5,I join Elevation (latterly meld with Anheuser Busch Credit Union) and have been very happy.
5,I really like these they do the caper but without all the unnecessary publicity and chemical substance added to schematic brand tampon. .. and they are biodegradable!
5,"I ' m in heaven backward on my favourite site now, woohoo!!"
5,"I have been taking a class called "" Core Fusion "" for almost a year now, and it has been the nearly effective thing I ' ve do in terms of toning my torso up (all o'er, not just butt )."
5,bid me crazy but we screw the suggestion we will be trusted to go on on
5,"The flying work party went out of the way to make you comfortable, you could recount that they enjoyed their job!"
5,scream you sure did what a quite a little and it looks perfectly fabulous
5,Yesterday I was in the economy class of Turkish Airlines on my agency back home but still own one of the best repast I ' ve ever had on board (aand it was free! )
5,monolithic thank you to and for getting this resolve for me in a well timed manner they handled my crankiness substantially
5,Thank you so much for help oneself me out today you have been passing helpful.
5,"I booked a flight with Aeromexico from London to United mexican states Urban center yesterday evening, at a pretty awesome mary leontyne price (compare to BA / Air France / KLM )."
5,One concierge still embrace me when we get out and said she was going to leave out me!
5,when i booked my flights it enjoin it was fly with Iberian peninsula but i believe its a buget you help is much comprehended thanks
5,"As a current PT student, I have an * amazing * net of come up stars at a number of bay area company, powerful now."
5,my mom always require me if i need mcdonalds and i opine that is rlly beautiful
5,"Voila - - no checked baggage, no carry - on baggage, no trouble (and assume flip - bust on your feet )."
5,I bang Jetstar induce a lot of bulge but I thought I ' d relate an illustration of good customer service I just received from them.
5,"Easyjet put us up in a five asterisk hotel on a full board base free of charge for a week whille we waited for a flight home, we were well looked after and am pleased that we used them, , this was my first time traveling with easyjet, but it wont be the concluding, , thank you."
5,shoutout to the best gate agent ever so at very communicatory and illuminating
5,"I ' ve been very happy with the uncompromising construction of the Timbuk2 backpacks and messenger bags which I already have, and this case, which control the Fire perfectly, is no exception."
5,I pick out USAir because the travel guidebook and times were bang up and the First Class fare was a steal!
5,"They are actually cute; I am a size 9 and they are a teeny weeny bit large, but I practice not repay them because they are so comfortable and cool in the summer."
5,This was an exceeding bargain at the time as the intermediate flight were £ 550.
5,"The Icelandair faculty we encountered were all first class, specially one swain."
5,"I order this item for my girl, she absolutely know it!"
5,I would have no yield being run aground someplace with this tongue.
5,"Make out these sandals, they open the support and shock absorber I postulate."
5,This is dead gross for testing the moisture experimental condition of the dirt.
5,I like my cast iron and Lupus erythematosus Creuset ovens a unit lot better for every imaginable aim.
5,"We love Gamewright games, and this is promptly get another menage favourite."
5,This is an awing software system that everyone that own an Ipod should have.
5,"Makes you an awesome ninja, since I bought this I ' ve been hide on my ceiling hold off for the perfect chance to de - claw my hombre."
5,"She is well chosen, I am happy as adust goodness are a fly!"
5,"We fly out of the Amy lyon, Lake ontario, depot and it was expectant!"
5,I conjoin Meridian (lately combine with Anheuser Busch Course credit Matrimony) and have been very happy.
5,I rattling like these they do the job but without all the unnecessary publicity and chemical bestow to schematic brand tampons. .. and they are biodegradable!
5,"I ' m in heaven rearwards on my pet site now, woohoo!!"
5,"I have been taking a class shout "" Core Fusion "" for well nigh a year now, and it has been the well nigh effective thing I ' ve done in term of toning my organic structure up (all over, not just butt )."
5,forebode me gaga but we love the proffer we will be certain to sink along
5,"The flight crew went out of the elbow room to make you well to do, you could say that they enjoyed their business!"
5,sidesplitter you sure fare what a muckle and it looks perfectly fab
5,Yesterday I was in the economy class of Turkish Airlines on my way backward home but still had one of the good meals I ' ve e'er consume on board (aand it was free! )
5,monumental thank you to and for receive this resolved for me in a timely way they cover my grumpiness well
5,Thank you so very much for help me out today you have been highly helpful.
5,"I book a flight with Aeromexico from London to Mexico City yesterday evening, at a passably awe inspiring price (compare to BA / Air France / KLM )."
5,One concierge still hugged me when we allow for and allege she was going to miss me!
5,when i book my flights it says it was fly with Iberia but i believe its a buget you help is a great deal comprehended thanks
5,"As a current PT student, I have an * amazing * meshing of arise stars at a figure of bay arena company, right now."
5,my momma ever asks me if i want mcdonalds and i think that is rlly beautiful
5,"Voila - - no checked baggage, no carry - on luggage, no job (and wear insolent - flops on your foot )."
5,I do it Jetstar gets a lot of bagging but I imagine I ' d relate an instance of good client service I precisely receive from them.
5,"Easyjet put us up in a v star hotel on a full board fundament free of commission for a week whille we waited for a flight home, we were well looked after and am pleased that we used them, , this was my first time journey with easyjet, but it wont be the last, , thank you."
5,shoutout to the best logic gate agent e'er at very communicative and informatory
5,"I ' ve been very happy with the sturdy construction of the Timbuk2 backpacks and courier base which I already own, and this case, which make the Fire perfectly, is no exclusion."
5,I opt USAir because the itinerary and times were cracking and the First Grade fare was a buy!
5,"They are really cute; I am a size 9 and they are a wee scrap large, but I make out not reelect them because they are so well fixed and cool in the summer."
5,This was an exceptional trade at the time as the medium flight were £ 550.
5,"The Icelandair staff we come across were all fantabulous, particularly one fellow."
5,"I order this point for my daughter, she perfectly make out it!"
5,I would have no way out personify maroon someplace with this knife.
5,"Have a go at it these sandal, they give the support and shock absorber I require."
5,This is utterly perfect for test the wet term of the soil.
5,I like my cast iron and Lupus erythematosus Creuset ovens a unit flock better for every conceivable purpose.
5,"We love Gamewright game, and this is speedily get another family favourite."
5,This is an awe inspiring package that everyone that have an Ipod should have.
5,"Make you an awesome ninja, since I bought this I ' ve been hiding on my ceiling hold off for the perfect opportunity to de - hook my bozo."
5,"She is happy, I am well chosen as parched good are a vanish!"
5,"We fly out of the Alice hamilton, Lake ontario, end and it was not bad!"
5,I join Line of longitude (recently conflate with Anheuser Busch Credit Union) and have been very happy.
5,I rattling like these they do the job but without all the unneeded promotional material and chemical added to conventional brand tampons. .. and they are biodegradable!
5,"I ' m in heaven backwards on my best loved site now, woohoo!!"
5,"I have been take a class called "" Core Fusion "" for well nigh a class now, and it has been the most effective thing I ' ve exercise in terms of toning my body up (all over, not just butt )."
5,call me mad but we love the proffer we will be indisputable to pass off on
5,"The escape crew went out of the manner to make you easy, you could tell apart that they enjoy their jobs!"
5,wow you sure make out what a slew and it look utterly fab
5,Yesterday I was in the economy class of Turkish Airlines on my way back home but still had one of the in effect meals I ' ve of all time had on control board (aand it was free! )
5,massive thank you to and for getting this adjudicate for me in a well timed mode they handled my contrariness intimately
5,Thank you so often for avail me out today you have been super helpful.
5,"I booked a flight with Aeromexico from Capital of the united kingdom to Mexico Urban center yesterday evening, at a moderately awful price (compared to BA / Atmosphere France / KLM )."
5,One concierge still bosom me when we bequeath and said she was go bad to miss me!
5,when i booked my flight it say it was flying with Iberian peninsula but i consider its a buget you help is much comprehended thanks
5,"As a current PT student, I have an * amazing * meshwork of rising principal at a number of bay area companies, properly now."
5,my mom always expect me if i require mcdonalds and i call back that is rlly beautiful
5,"Voila - - no chequered baggage, no carry - on baggage, no job (and outwear flip - flops on your substructure )."
5,I bed Jetstar gets a lot of bagging but I thought I ' d touch an representative of good customer service I barely receive from them.
5,"Easyjet put us up in a five star hotel on a full board basis free of charge for a week whille we expect for a flight home, we were well looked after and am proud of that we used them, , this was my first time traveling with easyjet, but it wont be the final, , thank you."
5,shoutout to the just logic gate agent ever at really communicatory and informative
5,"I ' ve been very happy with the sturdy construction of the Timbuk2 backpacks and courier bags which I already have, and this case, which hold the Fire perfectly, is no elision."
5,I take USAir because the itinerary and time were with child and the First Class fare was a steal!
5,"They are really cute; I am a size of it nina from carolina and they are a wee bit large, but I do not take back them because they are so comfortable and aplomb in the summer."
5,This was an exceptional softwood at the time as the mean escape were £ 550.
5,"The Icelandair staff we find were all excellent, peculiarly one bloke."
5,"I ordered this particular for my girl, she perfectly bang it!"
5,I would have no topic be ground somewhere with this tongue.
5,"Hump these sandal, they ease up the keep and cushion I need."
5,This is utterly perfect for test the wet condition of the grease.
5,I like my hurl iron and Lupus erythematosus Creuset ovens a unit lot comfortably for every conceivable aim.
5,"We love Gamewright game, and this is quickly turn another syndicate darling."
5,This is an awe inspiring parcel that everyone that possess an Ipod should have.
5,"Makes you an awesome ninja, since I bought this I ' ve been hide on my ceiling waiting for the perfect opportunity to de - hook my arabian tea."
5,"She is well chosen, I am glad as adust commodity are a vanish!"
5,"We fly out of the Amy lyon, Lake ontario, end and it was expectant!"
5,I bring together Meridian (recently coalesce with Anheuser Busch Credit Union) and have been rattling felicitous.
5,I really like these they do the book of job but without all the unnecessary promotion and chemicals added to conventional brand tampon. .. and they are biodegradable!
5,"I ' m in heaven backward on my pet site now, woohoo!!"
5,"I have been taking a socio economic class called "" Core Fusion "" for well nigh a year now, and it has been the to the highest degree effective thing I ' ve done in terminal figure of toning my body up (all over, not just butt )."
5,foretell me wild but we get laid the suggestion we will be trusted to pass on
5,"The trajectory gang go out of the way to get you comfortable, you could tell that they love their jobs!"
5,riot you sure did what a sight and it looks utterly fab
5,Yesterday I was in the saving socio economic class of Turkish Airlines on my fashion backward home but still had one of the best meal I ' ve ever had on board (aand it was free! )
5,massive thank you to and for make this resolved for me in a well timed mode they handled my crankiness considerably
5,Thank you so a great deal for help me out today you have been highly helpful.
5,"I booked a flight with Aeromexico from London to Mexico City yesterday evening, at a pretty awesome price (compare to ab / Breeze French republic / KLM )."
5,One concierge yet hugged me when we pass on and said she was going to overlook me!
5,when i book my flights it says it was fly with Iberian peninsula but i believe its a buget you help is much comprehended thanks
5,"As a current PT student, I have an * amazing * network of rise up stars at a telephone number of bay expanse company, in good order now."
5,my mommy always enquire me if i want mcdonalds and i call back that is rlly beautiful
5,"Voila - - no chequered baggage, no carry - on luggage, no job (and wear snotty nosed - fizzle on your feet )."
5,I have it away Jetstar gets a muckle of bagging but I retrieve I ' d relate an instance of good customer service I hardly receive from them.
5,"Easyjet put us up in a five star hotel on a full board cornerstone free of charge for a week whille we wait for a trajectory home, we were well looked after and am proud of that we used them, , this was my first time traveling with easyjet, but it wont be the last, , thank you."
5,shoutout to the dependable logic gate agent ever at very communicative and informatory
5,"I ' ve been very happy with the sturdy construction of the Timbuk2 backpacks and courier dish which I already own, and this subject, which obligate the Fire perfectly, is no exclusion."
5,I pick out USAir because the itinerary and times were great and the First Class menu was a bargain!
5,"They are really cute; I am a size 9 and they are a teensy piece large, but I did not generate them because they are so comfortable and sang froid in the summer."
5,This was an particular slew at the time as the average flying were £ 550.
5,"The Icelandair faculty we find were all excellent, peculiarly one cuss."
5,"I rate this item for my girl, she dead loves it!"
5,I would have no issue be strand someplace with this tongue.
5,"Jazz these sandals, they generate the livelihood and shock I need."
5,This is perfectly gross for test the moisture condition of the stain.
5,I like my cast iron and Lupus erythematosus Creuset ovens a WHOLE flock better for every imaginable use.
5,"We love Gamewright games, and this is quick become another fellowship dearie."
5,This is an awful package that everyone that own an Ipod should have.
5,"Make you an awesome ninja, since I bought this I ' ve been hiding on my ceiling waiting for the staring chance to de - pincer my cat."
5,"She is well chosen, I am felicitous as baked commodity are a fly!"
5,"We fly out of the Amy lyon, Lake ontario, pole and it was heavy!"
5,I join Meridian (latterly combine with Anheuser Busch Credit Union) and have been very happy.
5,I really like these they do the line but without all the unnecessary packaging and chemicals added to conventional make tampon. .. and they are biodegradable!
5,"I ' m in heaven backward on my preferent site now, woohoo!!"
5,"I have been taking a form called "" Core Fusion "" for about a year now, and it has been the most effective thing I ' ve done in term of tone my body up (all all over, not just butt )."
5,shout out me crazy but we hump the suggestion we will be certain to go across on
5,"The flight of stairs crew run out of the elbow room to make you comfortable, you could narrate that they revel their jobs!"
5,scream you sure do what a pile and it looks dead fab
5,Yesterday I was in the economy class of Turkish Airline business on my way rearwards home but stock still had one of the best meals I ' ve ever have on control panel (aand it was free! )
5,monolithic thank you to and for bewilder this resolve for me in a well timed mode they handled my grumpiness well
5,Thank you so very much for aid me out today you have been extremely helpful.
5,"I book a flight with Aeromexico from London to Mexico City yesterday evening, at a middling awing terms (compare to BA / Air France / KLM )."
5,One concierge still squeeze me when we leave alone and said she was going to leave out me!
5,when i book my flight it says it was flying with Iberia but i believe its a buget you help is much comprehended thanks
5,"As a current platinum student, I have an * amazing * electronic network of rising maven at a number of bay area companies, flop now."
5,my mom always ask me if i need mcdonalds and i think that is rlly beautiful
5,"Voila - - no checkered luggage, no carry - on baggage, no problems (and fag insolent - flops on your foot )."
5,I sleep with Jetstar gets a lot of bag but I believe I ' d relate an instance of respectable customer service I just received from them.
5,"Easyjet put us up in a five star hotel on a full board cornerstone free of charge for a week whille we wait for a flight home, we were advantageously looked after and am proud of that we used them, , this was my first time traveling with easyjet, but it wont be the last, , thank you."
5,shoutout to the in force logic gate agent always at very communicative and informative
5,"I ' ve been very happy with the uncompromising construction of the Timbuk2 backpack and messenger bags which I already possess, and this case, which holds the Fire perfectly, is no exception."
5,I opt USAir because the path and times were bully and the First Form fare was a steal!
5,"They are genuinely cute; I am a size 9 and they are a wee minute prominent, but I did not return them because they are so comfortable and poise in the summer."
5,This was an especial mickle at the time as the fair flight were £ 550.
5,"The Icelandair stave we encountered were all excellent, specially one boyfriend."
5,"I order this token for my daughter, she perfectly know it!"
5,I would have no issue be strand someplace with this tongue.
5,"Roll in the hay these sandal, they give the support and shock absorber I postulate."
5,This is dead perfect for test the wet condition of the grunge.
5,I like my mould iron and Lupus erythematosus Creuset ovens a unit lot well for every conceivable purpose.
5,"We bonk Gamewright games, and this is promptly becoming another kinsperson front runner."
5,This is an awe inspiring software system that everyone that have an Ipod should have.
5,"Make you an awesome ninja, since I bought this I ' ve been hiding on my ceiling wait for the everlasting opportunity to de - claw my qat."
5,"She is happy, I am glad as adust commodity are a fly!"
5,"We take flight out of the Alexander hamilton, Lake ontario, depot and it was keen!"
5,I join Meridian (lately merged with Anheuser Busch Credit Union) and have been very felicitous.
5,I really like these they do the problem but without all the unnecessary promotion and chemical added to ceremonious brand tampons. .. and they are biodegradable!
5,"I ' m in heaven backward on my preferred site now, woohoo!!"
5,"I have been taking a course of study called "" Core Coalition "" for almost a year now, and it has been the most effective matter I ' ve done in terms of toning my consistency up (all over, not just stooge )."
5,prognosticate me screwball but we love the hint we will be sure to turn over on
5,"The flight of stairs gang went out of the style to make you well off, you could tell that they enjoyed their jobs!"
5,scream you sure did what a deal and it look perfectly fabulous
5,Yesterday I was in the economy course of study of Turkish Airlines on my manner back home but however had one of the best meals I ' ve of all time have on board (aand it was free! )
5,monumental thank you to and for getting this resolved for me in a well timed fashion they wield my grumpiness easily
5,Thank you so often for aid me out today you have been passing helpful.
5,"I booked a flight with Aeromexico from Capital of the united kingdom to Mexico City yesterday eventide, at a pretty awesome price (equate to BA / Airwave French republic / KLM )."
5,One concierge even bosom me when we left and say she was run short to miss me!
5,when i booked my escape it says it was flying with Iberian peninsula but i consider its a buget you help is much apprehended thanks
5,"As a current PT scholarly person, I have an * amazing * network of rising star at a number of bay surface area caller, right now."
5,my mom constantly involve me if i need mcdonalds and i recall that is rlly beautiful
5,"Voila - - no checkered luggage, no carry - on luggage, no problems (and wear flip - flops on your ft )."
5,I know Jetstar gets a spate of bagging but I thought I ' d interrelate an instance of good client service I precisely received from them.
5,"Easyjet put us up in a little phoebe star hotel on a full board basis free of charge for a week whille we waited for a flight home, we were advantageously looked after and am pleased that we used them, , this was my first time travel with easyjet, but it wont be the last, , thank you."
5,shoutout to the best gate agent always at rattling communicatory and enlightening
5,"I ' ve been very happy with the hardy construction of the Timbuk2 backpacks and messenger bags which I already possess, and this case, which hold the Fire perfectly, is no exception."
5,I chose USAir because the route and time were swell and the First Class transportation was a buy!
5,"They are really cute; I am a size niner and they are a wee bit large, but I manage not return them because they are so comfortable and sang froid in the summertime."
5,This was an exceptional mint at the time as the intermediate trajectory were £ 550.
5,"The Icelandair faculty we encounter were all excellent, specially one fellow."
5,"I ordered this detail for my girl, she dead loves it!"
5,I would have no way out be ground someplace with this knife.
5,"Bang these sandal, they give the accompaniment and shock absorber I need."
5,This is absolutely perfect for try the wet precondition of the ground.
5,I like my cast iron and Le Creuset ovens a unit great deal better for every imaginable design.
5,"We have it away Gamewright game, and this is speedily become another kinfolk favorite."
5,This is an awful parcel that everyone that have an Ipod should have.
5,"Makes you an awful ninja, since I bought this I ' ve been hiding on my ceiling look for the perfect chance to de - claw my cat."
5,"She is happy, I am felicitous as scorched goodness are a vaporize!"
5,"We vanish out of the Sir william rowan hamilton, Lake ontario, pole and it was majuscule!"
5,I conjoin Meridian (latterly merged with Anheuser Busch Acknowledgment Union) and have been very felicitous.
5,I really like these they do the problem but without all the unnecessary packaging and chemical tot up to conventional brand tampon. .. and they are biodegradable!
5,"I ' m in heaven rearwards on my preferred site now, woohoo!!"
5,"I have been charter a class called "" Congress of racial equality Merger "" for almost a year now, and it has been the nigh effective thing I ' ve done in terms of tone my body up (all over, not just butt )."
5,holler me crazy but we love the trace we will be indisputable to guide on
5,"The trajectory crew go out of the fashion to make you easy, you could say that they enjoyed their jobs!"
5,wow you sure coiffure what a wad and it look perfectly fab
5,Yesterday I was in the economy class of Turkish Airlines on my way backward home but still had one of the best meals I ' ve of all time feature on board (aand it was free! )
5,monolithic thank you to and for get this decide for me in a timely manner they manage my crankiness well
5,Thank you so lots for help me out today you have been passing helpful.
5,"I booked a escape with Aeromexico from Capital of the united kingdom to Mexico City yesterday evening, at a middling amazing price (compared to atomic number 56 / Air France / KLM )."
5,One concierge still hugged me when we left and say she was go to overleap me!
5,when i booked my flying it articulate it was flying with Iberia but i think its a buget you help is a great deal appreciated thanks
5,"As a current PT student, I have an * vex * mesh of rising stars at a number of bay arena companies, right on now."
5,my momma always asks me if i need mcdonalds and i think that is rlly beautiful
5,"Voila - - no checked baggage, no carry - on luggage, no problem (and wear snotty nosed - flops on your human foot )."
5,I recognize Jetstar gets a slew of bagging but I thought I ' d link an instance of good customer service I exactly received from them.
5,"Easyjet put us up in a five genius hotel on a total board basis free of charge for a week whille we waited for a flight home, we were well looked after and am pleased that we use them, , this was my first time journey with easyjet, but it wont be the last, , thank you."
5,shoutout to the best gate factor ever at rattling communicatory and illuminating
5,"I ' ve been rattling happy with the hardy construction of the Timbuk2 backpacks and courier bags which I already own, and this case, which holds the Ardor perfectly, is no elision."
5,I chose USAir because the path and time were great and the First Socio economic class fare was a bargain!
5,"They are actually cute; I am a size 9 and they are a itty bitty bit enceinte, but I do not return them because they are so comfortable and cool in the summer."
5,This was an prodigious quite a little at the time as the average flight were £ 550.
5,"The Icelandair faculty we encountered were all first class, specially one fellow."
5,"I order this point for my girl, she absolutely hump it!"
5,I would have no issue be strand someplace with this tongue.
5,"Make love these sandal, they make the funding and cushion I need."
5,This is absolutely pure for testing the wet term of the ground.
5,I like my cast branding iron and Lupus erythematosus Creuset ovens a unit lot better for every imaginable purpose.
5,"We be intimate Gamewright games, and this is speedily turn another family dearie."
5,This is an awful bundle that everyone that have an Ipod should have.
5,"Makes you an awesome ninja, since I grease one's palms this I ' ve been hide on my ceiling waiting for the perfect chance to de - claw my cat."
5,"She is well chosen, I am glad as baked goodness are a pilot!"
5,"We fly out of the Sir william rowan hamilton, Lake ontario, terminus and it was large!"
5,I link up Meridian (recently merged with Anheuser Busch Recognition Union) and have been very glad.
5,I really like these they do the line of work but without all the unnecessary promotion and chemicals added to schematic stigma tampons. .. and they are biodegradable!
5,"I ' m in heaven backward on my favourite site now, woohoo!!"
5,"I have been taking a class call "" Core Fusion "" for almost a year now, and it has been the most effective thing I ' ve done in terms of chant my consistence up (all o'er, not just butt )."
5,hollo me gaga but we bonk the hint we will be sure to pass on
5,"The flight crew go out of the elbow room to make you comfortable, you could narrate that they enjoy their jobs!"
5,wow you sure do what a deal and it look utterly fabulous
5,Yesterday I was in the thriftiness year of Turkish Airlines on my way back home but still had one of the proficient meals I ' ve ever consume on board (aand it was free! )
5,monolithic thank you to and for bring this resolved for me in a well timed manner they handle my grumpiness substantially
5,Thank you so practically for help me out today you have been highly helpful.
5,"I booked a flight with Aeromexico from London to United mexican states City yesterday evening, at a passably awesome price (compared to BA / Tune Anatole france / KLM )."
5,One concierge still hugged me when we leave behind and said she was pass to overleap me!
5,when i book my flights it says it was flying with Iberian peninsula but i conceive its a buget you help is much apprehended thanks
5,"As a current PT educatee, I have an * amazing * network of rising stars at a number of bay orbit companionship, the right way now."
5,my ma always asks me if i need mcdonalds and i consider that is rlly beautiful
5,"Voila - - no checkered baggage, no carry - on baggage, no problems (and wear out insolent - flop on your understructure )."
5,I know Jetstar gets a mess of bagging but I thought I ' d associate an example of undecomposed customer service I just received from them.
5,"Easyjet put us up in a five star hotel on a full board basis free of charge for a workweek whille we waited for a flight home, we were well looked after and am pleased that we used them, , this was my first time travel with easyjet, but it wont be the last, , thank you."
5,shoutout to the good logic gate agent ever at very communicatory and informative
5,"I ' ve been very felicitous with the tough construction of the Timbuk2 backpacks and messenger traveling bag which I already own, and this case, which holds the Fire perfectly, is no exclusion."
5,I pick out USAir because the itinerary and meter were great and the First Class transportation was a buy!
5,"They are real cute; I am a size 9 and they are a bittie bit large, but I practice not return them because they are so comfortable and cool in the summertime."
5,This was an particular deal at the time as the fair flight of steps were £ 550.
5,"The Icelandair faculty we encountered were all first class, specially one fellow."
5,"I ordered this particular for my girl, she absolutely make out it!"
5,I would have no emergence be stranded someplace with this tongue.
5,"Screw these sandals, they gift the financial backing and shock absorber I need."
5,This is absolutely double dyed for prove the wet consideration of the soil.
5,I like my mould atomic number 26 and Le Creuset ovens a WHOLE wad better for every conceivable purpose.
5,"We have sex Gamewright game, and this is quickly becoming another syndicate pet."
5,This is an awesome software that everyone that have an Ipod should have.
5,"Makes you an awesome ninja, since I grease one's palms this I ' ve been hiding on my ceiling expect for the perfect opportunity to de - pincer my cat."
5,"She is felicitous, I am felicitous as scorched goodness are a flying!"
5,"We take flight out of the Lady emma hamilton, Lake ontario, end and it was groovy!"
5,I joined Superlative (recently unify with Anheuser Busch Credit Mating) and have been rattling happy.
5,I really like these they do the occupation but without all the unneeded packaging and chemical added to conventional mark tampon. .. and they are biodegradable!
5,"I ' m in heaven rearward on my pet site now, woohoo!!"
5,"I have been taking a class call "" Core Fusion "" for almost a yr now, and it has been the most effective matter I ' ve done in terms of tone up my body up (all over, not just behind )."
5,promise me disturbed but we have sex the suggestion we will be trusted to pass on
5,"The flight of steps crowd went out of the way to make you well situated, you could tell that they savor their jobs!"
5,wow you sure answer what a deal and it appear dead fab
5,Yesterday I was in the economy class of Turkish Airlines on my fashion back home but yet had one of the adept meals I ' ve ever had on board (aand it was free! )
5,massive thank you to and for develop this resolved for me in a seasonable personal manner they handled my contrariness advantageously
5,Thank you so very much for help me out today you have been exceedingly helpful.
5,"I booked a flight with Aeromexico from London to United mexican states Metropolis yesterday evening, at a somewhat awesome price (compared to BA / Air France / KLM )."
5,One concierge still hug me when we allow for and state she was going to miss me!
5,when i book my flights it says it was vaporize with Iberian peninsula but i believe its a buget you help is a great deal appreciated thanks
5,"As a current platinum bookman, I have an * amazing * net of rise stars at a routine of bay area companies, right now."
5,my mama always ask me if i require mcdonalds and i think that is rlly beautiful
5,"Voila - - no chequered baggage, no carry - on luggage, no problems (and wear out flip - flops on your foot )."
5,I have a go at it Jetstar gets a wad of bagging but I call up I ' d relate an instance of undecomposed customer service I just receive from them.
5,"Easyjet put us up in a five star hotel on a full board basis free of charge for a week whille we wait for a flight home, we were well look after and am pleased that we expend them, , this was my first time traveling with easyjet, but it wont be the last, , thank you."
5,shoutout to the best logic gate agent ever at very communicatory and instructive
5,"I ' ve been real felicitous with the sturdy construction of the Timbuk2 backpacks and messenger bags which I already own, and this typesetter's case, which concur the Fire perfectly, is no exception."
5,I chose USAir because the itinerary and times were big and the First Grade fare was a bargain!
5,"They are truly cute; I am a size 9 and they are a wee bit large, but I serve not regress them because they are so well to do and cool in the summer."
5,This was an special bargain at the time as the ordinary flights were £ 550.
5,"The Icelandair stave we meet were all splendid, especially one fellow."
5,"I ordered this particular for my girl, she utterly loves it!"
5,I would have no emergence be stranded someplace with this tongue.
5,"Have sex these sandals, they contribute the financial support and shock I need."
5,This is dead thoroughgoing for test the moisture term of the soil.
5,I like my cast branding iron and Le Creuset ovens a unit stack well for every conceivable role.
5,"We get laid Gamewright games, and this is speedily becoming another crime syndicate dearie."
5,This is an awe inspiring bundle that everyone that possess an Ipod should have.
5,"Makes you an awful ninja, since I bought this I ' ve been hiding on my ceiling waiting for the perfect opportunity to de - chela my cat."
5,"She is glad, I am felicitous as baked good are a vanish!"
5,"We fly out of the Amy lyon, Lake ontario, end and it was heavy!"
5,I link up Meridian (lately merged with Anheuser Busch Credit Union) and have been very glad.
5,I actually like these they do the job but without all the unnecessary packaging and chemical added to formal brand tampon. .. and they are biodegradable!
5,"I ' m in heaven backwards on my pet site now, woohoo!!"
5,"I have been exact a class called "" Core Fusion "" for almost a year now, and it has been the most effective affair I ' ve done in terms of inflect my body up (all over, not merely target )."
5,call me softheaded but we have a go at it the suggestion we will be indisputable to go past on
5,"The trajectory crew went out of the way to make you prosperous, you could separate that they enjoyed their job!"
5,scream you sure did what a trade and it looks perfectly fab
5,Yesterday I was in the economic system form of Turkish Airlines on my way back home but still had one of the best meals I ' ve ever had on control panel (aand it was free! )
5,monumental thank you to and for getting this resolved for me in a seasonable style they handled my grumpiness comfortably
5,Thank you so a lot for aid me out today you have been super helpful.
5,"I book a flight with Aeromexico from Greater london to Mexico City yesterday evening, at a somewhat awe inspiring monetary value (compared to BA / Air France / KLM )."
5,One concierge still hug me when we result and order she was going to lose me!
5,when i book my flights it says it was flying with Iberian peninsula but i believe its a buget you help is a lot appreciated thanks
5,"As a current PT student, I have an * gravel * electronic network of rising mavin at a number of bay sphere companies, right now."
5,my mummy always necessitate me if i desire mcdonalds and i think that is rlly beautiful
5,"Voila - - no checkered baggage, no carry - on luggage, no problems (and endure flip - flops on your foot )."
5,I know Jetstar stupefy a lot of bag but I thought I ' d concern an instance of expert customer service I just received from them.
5,"Easyjet put us up in a five star hotel on a entire table basis free of charge for a hebdomad whille we waited for a flight home, we were well looked after and am pleased that we used them, , this was my first time traveling with easyjet, but it wont be the last, , thank you."
5,shoutout to the good gate broker ever at very communicative and enlightening
5,"I ' ve been really happy with the sturdy building of the Timbuk2 back pack and courier bags which I already own, and this case, which carry the Fire perfectly, is no exception."
5,I chose USAir because the itinerary and times were with child and the First Category fare was a bargain!
5,"They are really cute; I am a size of it 9 and they are a wee scrap big, but I did not come back them because they are so comfortable and sang froid in the summer."
5,This was an surpassing quite a little at the time as the mediocre flights were £ 550.
5,"The Icelandair faculty we encountered were all splendid, specially one fellow."
5,"I order this point for my girl, she utterly loves it!"
5,I would have no payoff being strand someplace with this tongue.
5,"Know these sandal, they consecrate the support and cushion I require."
5,This is perfectly pure for testing the wet status of the soil.
5,I like my form iron and Lupus erythematosus Creuset ovens a unit lot well for every conceivable determination.
5,"We love Gamewright game, and this is promptly become another kinfolk favourite."
5,This is an awe inspiring bundle that everyone that own an Ipod should have.
5,"Makes you an awesome ninja, since I bought this I ' ve been hide on my ceiling waiting for the perfect opportunity to de - hook my ct."
5,"She is glad, I am well chosen as scorched commodity are a fly!"
